"Qubit","T1 (us)","T2 (us)","Readout assignment error","Prob meas0 prep1","Prob meas1 prep0","Readout length (ns)","ID error","Single-qubit gate length (ns)","RX error","Z-axis rotation (rz) error","√x (sx) error","Pauli-X error","CZ error","Gate length (ns)","MEASURE error","Operational"
"0","345.9319934711645","412.0725824663012","0.0126953125","0.01708984375","0.00830078125","2400","0.000055327860912121087","32","0.000055327860912121087","0","0.000055327860912121087","0.000055327860912121087","1:0.002323801493180372;10:0.0014961014367921577","1:128;10:128","0.0126953125","Yes"
"1","392.07046792580576","317.5284968228889","0.017333984375","0.02587890625","0.0087890625","2400","0.00026718952479749033","32","0.00026718952479749033","0","0.00026718952479749033","0.00026718952479749033","2:0.0025150420092317494;11:0.15587289491865117;0:0.002323801493180372","2:128;11:128;0:128","0.017333984375","Yes"
"2","458.3895809154429","453.91294064840764","0.026123046875","0.03564453125","0.0166015625","2400","0.000154286634665484","32","0.000154286634665484","0","0.000154286634665484","0.000154286634665484","1:0.0025150420092317494;3:0.0017773652951895147;12:0.0016909678781850124","1:128;3:128;12:148","0.026123046875","Yes"
"3","315.14244721859103","334.9312157188434","0.0205078125","0.02099609375","0.02001953125","2400","0.0002576634365077327","32","0.0002576634365077327","0","0.0002576634365077327","0.0002576634365077327","13:0.0015276731002885346;2:0.0017773652951895147;4:0.0017235832495801628","13:128;2:128;4:128","0.0205078125","Yes"
"4","473.6091716174178","456.76205432802686","0.012451171875","0.015625","0.00927734375","2400","0.00007099466116029922","32","0.00007099466116029922","0","0.00007099466116029922","0.00007099466116029922","3:0.0017235832495801628;5:0.0010745157419111695;14:0.002565256817867456","3:128;5:148;14:228","0.012451171875","Yes"
"5","234.2775020178549","305.53832705608636","0.0126953125","0.01318359375","0.01220703125","2400","0.00014683905915505245","32","0.00014683905915505245","0","0.00014683905915505245","0.00014683905915505245","6:0.008438121212747896;4:0.0010745157419111695;15:0.0013828724303182327","6:128;4:148;15:128","0.0126953125","Yes"
"6","20.73487351090501","38.79414333320908","0.013671875","0.02587890625","0.00146484375","2400","0.000693254036751775","32","0.000693254036751775","0","0.000693254036751775","0.000693254036751775","5:0.008438121212747896;7:0.018302970524005174;16:0.054045762430381256","5:128;7:128;16:488","0.013671875","Yes"
"7","58.01043175786258","106.24502035288897","0.0380859375","0.013671875","0.0625","2400","0.0002551436140446263","32","0.0002551436140446263","0","0.0002551436140446263","0.0002551436140446263","17:0.003358426450658286;6:0.018302970524005174;8:0.0024733402783657654","17:128;6:128;8:128","0.0380859375","Yes"
"8","291.61137814459374","270.1304994968355","0.0341796875","0.0126953125","0.0556640625","2400","0.00013852207560038291","32","0.00013852207560038291","0","0.00013852207560038291","0.00013852207560038291","9:0.002273001367925076;18:0.0013988476861018784;7:0.0024733402783657654","9:128;18:128;7:128","0.0341796875","Yes"
"9","322.0831711294658","313.8936658915771","0.0087890625","0.01025390625","0.00732421875","2400","0.00022385040364009739","32","0.00022385040364009739","0","0.00022385040364009739","0.00022385040364009739","8:0.002273001367925076;19:0.0030862696670256595","8:128;19:128","0.0087890625","Yes"
"10","248.1090755117898","251.02993992074718","0.01416015625","0.02001953125","0.00830078125","2400","0.0002118703498713381","32","0.0002118703498713381","0","0.0002118703498713381","0.0002118703498713381","20:0.0011370225946189805;11:0.019732056487347605;0:0.0014961014367921577","20:128;11:128;0:128","0.01416015625","Yes"
"11","156.5540538931456","221.34060233558958","0.023681640625","0.00927734375","0.0380859375","2400","0.00038861752305637334","32","0.00038861752305637334","0","0.00038861752305637334","0.00038861752305637334","1:0.15587289491865117;10:0.019732056487347605;12:0.016043212752322678;21:0.021704309258741367","1:128;10:128;12:128;21:128","0.023681640625","Yes"
"12","438.85328315975835","405.1222318782328","0.026123046875","0.02685546875","0.025390625","2400","0.00013580423018258388","32","0.00013580423018258388","0","0.00013580423018258388","0.00013580423018258388","13:0.0012973433449136873;22:0.001422618182458646;2:0.0016909678781850124;11:0.016043212752322678","13:148;22:208;2:148;11:128","0.026123046875","Yes"
"13","233.81065811299067","218.22626752918373","0.015625","0.009765625","0.021484375","2400","0.00019145077492864859","32","0.00019145077492864859","0","0.00019145077492864859","0.00019145077492864859","3:0.0015276731002885346;12:0.0012973433449136873;14:0.0030452074803686835;23:0.0018376470581779325","3:128;12:148;14:268;23:228","0.015625","Yes"
"14","226.28523660532133","270.9410118396554","0.010009765625","0.009765625","0.01025390625","2400","0.00032807567289585844","32","0.00032807567289585844","0","0.00032807567289585844","0.00032807567289585844","15:0.0018225088840307102;24:0.0028854343819970374;13:0.0030452074803686835;4:0.002565256817867456","15:128;24:228;13:268;4:228","0.010009765625","Yes"
"15","217.66485825490378","250.59918012875343","0.0068359375","0.00927734375","0.00439453125","2400","0.00023593844437451954","32","0.00023593844437451954","0","0.00023593844437451954","0.00023593844437451954","14:0.0018225088840307102;16:0.001977951263973904;25:0.0036320301776989194;5:0.0013828724303182327","14:128;16:148;25:288;5:128","0.0068359375","Yes"
"16","370.17867870866814","399.9287065404592","0.0087890625","0.009765625","0.0078125","2400","0.00015252736253126115","32","0.00015252736253126115","0","0.00015252736253126115","0.00015252736253126115","15:0.001977951263973904;17:0.002528488328843337;26:0.005519521546080541;6:0.054045762430381256","15:148;17:128;26:248;6:488","0.0087890625","Yes"
"17","469.6978672561182","363.13695053799387","0.01171875","0.01953125","0.00390625","2400","0.00013250153793522733","32","0.00013250153793522733","0","0.00013250153793522733","0.00013250153793522733","7:0.003358426450658286;16:0.002528488328843337;18:0.0015100020965200245;27:0.0022061917484873517","7:128;16:128;18:128;27:128","0.01171875","Yes"
"18","481.0743540129109","345.5856012583182","0.044189453125","0.0791015625","0.00927734375","2400","0.0009398568811936458","32","0.0009398568811936458","0","0.0009398568811936458","0.0009398568811936458","8:0.0013988476861018784;19:0.001296581450519363;28:0.0018440513851029627;17:0.0015100020965200245","8:128;19:128;28:88;17:128","0.044189453125","Yes"
"19","359.02860746491075","440.78703210009303","0.014892578125","0.01416015625","0.015625","2400","0.00026808551971959347","32","0.00026808551971959347","0","0.00026808551971959347","0.00026808551971959347","18:0.001296581450519363;9:0.0030862696670256595;29:0.001364176275285428","18:128;9:128;29:88","0.014892578125","Yes"
"20","302.4482995724287","349.0153993195429","0.0146484375","0.017578125","0.01171875","2400","0.000185272975764987","32","0.000185272975764987","0","0.000185272975764987","0.000185272975764987","10:0.0011370225946189805;21:0.0008412133498633401;30:0.0023302106028906533","10:128;21:128;30:128","0.0146484375","Yes"
"21","313.4427494503057","385.15079737051576","0.017578125","0.025390625","0.009765625","2400","0.0003889402574329667","32","0.0003889402574329667","0","0.0003889402574329667","0.0003889402574329667","20:0.0008412133498633401;22:0.000933815174860797;11:0.021704309258741367","20:128;22:128;31:180;11:128","0.017578125","Yes"
"22","428.8147287710595","374.5147612500566","0.0322265625","0.0595703125","0.0048828125","2400","0.00010606194233242402","32","0.00010606194233242402","0","0.00010606194233242402","0.00010606194233242402","23:0.001848404441171153;12:0.001422618182458646;32:0.0021315600764754694;21:0.000933815174860797","23:148;12:208;32:168;21:128","0.0322265625","Yes"
"23","363.206736864922","276.01306523193216","0.051025390625","0.08984375","0.01220703125","2400","0.00015946803063985403","32","0.00015946803063985403","0","0.00015946803063985403","0.00015946803063985403","22:0.001848404441171153;13:0.0018376470581779325;24:0.0020283122486582095;33:0.0015577757802022196","22:148;13:228;24:228;33:148","0.051025390625","Yes"
"24","275.932702687716","205.5509315979488","0.0234375","0.0390625","0.0078125","2400","0.00022915138984586206","32","0.00022915138984586206","0","0.00022915138984586206","0.00022915138984586206","14:0.0028854343819970374;23:0.0020283122486582095;25:0.002520866940447536;34:0.001342379850353903","14:228;23:228;25:148;34:128","0.0234375","Yes"
"25","336.93937181592815","296.42069804817254","0.019287109375","0.01220703125","0.0263671875","2400","0.00017900079592256173","32","0.00017900079592256173","0","0.00017900079592256173","0.00017900079592256173","15:0.0036320301776989194;24:0.002520866940447536;26:0.010219978795689949;35:0.004827620035953412","15:288;24:148;26:128;35:208","0.019287109375","Yes"
"26","490.43726506366625","301.2416585400138","0.020263671875","0.021484375","0.01904296875","2400","0.0001637724818623572","32","0.0001637724818623572","0","0.0001637724818623572","0.0001637724818623572","16:0.005519521546080541;25:0.010219978795689949;27:0.011818521310368757;36:0.0032101006313955127","16:248;25:128;27:88;36:268","0.020263671875","Yes"
"27","382.6186684295803","289.20150549283477","0.04443359375","0.01025390625","0.07861328125","2400","0.00014786610430224755","32","0.00014786610430224755","0","0.00014786610430224755","0.00014786610430224755","26:0.011818521310368757;28:0.0021873099475557267;17:0.0022061917484873517;37:0.0020320196578493543","26:88;28:108;17:128;37:108","0.04443359375","Yes"
"28","208.20622119266832","154.38288399803267","0.11474609375","0.2275390625","0.001953125","2400","0.0005791199075285245","32","0.0005791199075285245","0","0.0005791199075285245","0.0005791199075285245","18:0.0018440513851029627;27:0.0021873099475557267;29:0.0015509952085285827;38:0.003566308024949394","18:88;27:108;29:68;38:228","0.11474609375","Yes"
"29","337.6918893882434","223.90178591291047","0.03369140625","0.021484375","0.0458984375","2400","0.00019884785901138068","32","0.00019884785901138068","0","0.00019884785901138068","0.00019884785901138068","19:0.001364176275285428;28:0.0015509952085285827;39:0.0019490318356600866","19:88;28:68;39:128","0.03369140625","Yes"
"30","276.6650337468946","264.1145941622461","0.017333984375","0.025390625","0.00927734375","2400","0.00016424881055934827","32","0.00016424881055934827","0","0.00016424881055934827","0.00016424881055934827","20:0.0023302106028906533;31:0.0028015918310779764;40:0.0020252410816537503","20:128;31:188;40:128","0.017333984375","Yes"
"31","395.94670830951435","39.8292853220817","0.03857421875","0.05712890625","0.02001953125","2400","0.0001959482732072983","32","0.0001959482732072983","0","0.0001959482732072983","0.0001959482732072983","30:0.0028015918310779764;32:0.0022580814596344922;41:0.0026200261665262903","30:188;32:188;21:180;41:128","0.03857421875","Yes"
"32","308.2948981435946","247.92305727509114","0.025146484375","0.044921875","0.00537109375","2400","0.0003329298760407801","32","0.0003329298760407801","0","0.0003329298760407801","0.0003329298760407801","22:0.0021315600764754694;31:0.0022580814596344922;33:0.0026649250118385426;42:0.003556759215345623","22:168;31:188;33:208;42:188","0.025146484375","Yes"
"33","314.6920640689502","321.46550448233603","0.06103515625","0.1083984375","0.013671875","2400","0.0004481477098238064","32","0.0004481477098238064","0","0.0004481477098238064","0.0004481477098238064","23:0.0015577757802022196;32:0.0026649250118385426;34:0.0032839425491354157;43:0.0022695750354024546","23:148;32:208;34:128;43:248","0.06103515625","Yes"
"34","323.458896946881","233.2861556465888","0.026611328125","0.0380859375","0.01513671875","2400","0.00019280205092237572","32","0.00019280205092237572","0","0.00019280205092237572","0.00019280205092237572","24:0.001342379850353903;33:0.0032839425491354157;35:0.0018113458556904272;44:0.0039024504203497012","24:128;33:128;35:68;44:128","0.026611328125","Yes"
"35","265.325045630088","222.77825007382125","0.01123046875","0.01416015625","0.00830078125","2400","0.00017885300733603256","32","0.00017885300733603256","0","0.00017885300733603256","0.00017885300733603256","25:0.004827620035953412;36:0.0017462413293376777;45:0.0034248803102172876;34:0.0018113458556904272","25:208;36:108;45:148;34:68","0.01123046875","Yes"
"36","203.78955679730387","170.92797032059735","0.029052734375","0.02294921875","0.03515625","2400","0.00017184565240135107","32","0.00017184565240135107","0","0.00017184565240135107","0.00017184565240135107","46:0.0021387346387374273;26:0.0032101006313955127;35:0.0017462413293376777;37:0.001348438364264376","46:148;26:268;35:108;37:88","0.029052734375","Yes"
"37","438.0688446082854","254.08124174662274","0.020751953125","0.01904296875","0.0224609375","2400","0.00021970201976394263","32","0.00021970201976394263","0","0.00021970201976394263","0.00021970201976394263","27:0.0020320196578493543;36:0.001348438364264376;38:0.0017537116616519188;47:0.01027684030172421","27:108;36:88;38:148;47:148","0.020751953125","Yes"
"38","413.7792926810218","216.5574773843415","0.020751953125","0.02587890625","0.015625","2400","0.00005657889230992492","32","0.00005657889230992492","0","0.00005657889230992492","0.00005657889230992492","39:0.0015478144746353117;48:0.11659254895868014;28:0.003566308024949394;37:0.0017537116616519188","39:168;48:188;28:228;37:148","0.020751953125","Yes"
"39","311.4200574080446","332.08678999330476","0.014404296875","0.013671875","0.01513671875","2400","0.00011863740952937039","32","0.00011863740952937039","0","0.00011863740952937039","0.00011863740952937039","38:0.0015478144746353117;29:0.0019490318356600866;49:0.0014797782734115306","38:168;29:128;49:208","0.014404296875","Yes"
"40","399.5707055724893","269.8603102054878","0.024658203125","0.02099609375","0.0283203125","2400","0.0001231349864993219","32","0.0001231349864993219","0","0.0001231349864993219","0.0001231349864993219","41:0.002374116570171364;50:0.0017859634927750168;30:0.0020252410816537503","41:128;50:128;30:128","0.024658203125","Yes"
"41","441.2996063650537","239.2982321393576","0.00927734375","0.013671875","0.0048828125","2400","0.0002577188802198397","32","0.0002577188802198397","0","0.0002577188802198397","0.0002577188802198397","40:0.002374116570171364;42:0.002109196558218812;51:0.0025941649790750254;31:0.0026200261665262903","40:128;42:128;51:128;31:128","0.00927734375","Yes"
"42","344.7095028357413","267.3903821333561","0.010498046875","0.0146484375","0.00634765625","2400","0.00022750159737004705","32","0.00022750159737004705","0","0.00022750159737004705","0.00022750159737004705","41:0.002109196558218812;43:0.002508245999062797;52:0.0028516776031632385;32:0.003556759215345623","41:128;43:128;52:128;32:188","0.010498046875","Yes"
"43","364.8199076265122","303.55423381954716","0.012451171875","0.0126953125","0.01220703125","2400","0.00010011020218189714","32","0.00010011020218189714","0","0.00010011020218189714","0.00010011020218189714","42:0.002508245999062797;44:0.004522832820531619;33:0.0022695750354024546;53:0.001841402320679475","42:128;44:188;33:248;53:128","0.012451171875","Yes"
"44","355.89067936536384","220.84264906565545","0.010009765625","0.0126953125","0.00732421875","2400","0.0002073102823065921","32","0.0002073102823065921","0","0.0002073102823065921","0.0002073102823065921","45:0.016096224734302084;54:0.005091965195427178;43:0.004522832820531619;34:0.0039024504203497012","45:508;54:128;43:188;34:128","0.010009765625","Yes"
"45","424.9512724954334","204.09860349309446","0.030029296875","0.04052734375","0.01953125","2400","0.00021641690398522875","32","0.00021641690398522875","0","0.00021641690398522875","0.00021641690398522875","44:0.016096224734302084;46:0.0025565492481331997;55:0.0020987502926744783;35:0.0034248803102172876","44:508;46:128;55:128;35:148","0.030029296875","Yes"
"46","371.4303626266474","231.07854441043565","0.02880859375","0.0458984375","0.01171875","2400","0.0002094568029834808","32","0.0002094568029834808","0","0.0002094568029834808","0.0002094568029834808","36:0.0021387346387374273;45:0.0025565492481331997;47:0.0055165465796575;56:0.0037509035568143723","36:148;45:128;47:208;56:188","0.02880859375","Yes"
"47","384.33811729417124","280.317348749455","0.031005859375","0.05322265625","0.0087890625","2400","0.00040224447977143125","32","0.00040224447977143125","0","0.00040224447977143125","0.00040224447977143125","48:0.028055689484956903;57:0.004978815246331897;46:0.0055165465796575;37:0.01027684030172421","48:128;57:168;46:208;37:148","0.031005859375","Yes"
"48","253.4227568752773","188.951865105356","0.205810546875","0.4091796875","0.00244140625","2400","0.0006168574263156981","32","0.0006168574263156981","0","0.0006168574263156981","0.0006168574263156981","47:0.028055689484956903;49:0.021220895168636844;38:0.11659254895868014;58:0.06091468194433508","47:128;49:128;38:188;58:248","0.205810546875","Yes"
"49","410.6467493694901","317.08950710468116","0.028076171875","0.044921875","0.01123046875","2400","0.0002886661544430829","32","0.0002886661544430829","0","0.0002886661544430829","0.0002886661544430829","48:0.021220895168636844;59:0.0011728849254764306;39:0.0014797782734115306","48:128;59:128;39:208","0.028076171875","Yes"
"50","212.85723443776305","94.14418226989295","0.01123046875","0.01953125","0.0029296875","2400","0.00036330717777643555","32","0.00036330717777643555","0","0.00036330717777643555","0.00036330717777643555","40:0.0017859634927750168;51:0.002692452681199109;60:0.005280439223332739","40:128;51:128;60:68","0.01123046875","Yes"
"51","261.8324029716086","155.54467401563275","0.107177734375","0.01171875","0.20263671875","2400","0.00023415565529109897","32","0.00023415565529109897","0","0.00023415565529109897","0.00023415565529109897","41:0.0025941649790750254;50:0.002692452681199109;52:0.0019878282245595624;61:0.0031523642269914998","41:128;50:128;52:128;61:128","0.107177734375","Yes"
"52","178.20189398034628","155.40583323623449","0.053466796875","0.05322265625","0.0537109375","2400","0.00021008567867904766","32","0.00021008567867904766","0","0.00021008567867904766","0.00021008567867904766","42:0.0028516776031632385;51:0.0019878282245595624;53:0.002481115912872034;62:0.0026668472870091664","42:128;51:128;53:128;62:128","0.053466796875","Yes"
"53","445.1870784753216","268.0150294385852","0.0234375","0.02783203125","0.01904296875","2400","0.00021237569825462144","32","0.00021237569825462144","0","0.00021237569825462144","0.00021237569825462144","52:0.002481115912872034;54:0.004293373509548254;63:0.003455322088900953;43:0.001841402320679475","52:128;54:148;63:228;43:128","0.0234375","Yes"
"54","156.74047836589293","121.22876436941496","0.016357421875","0.01904296875","0.013671875","2400","0.00048333078350285463","32","0.00048333078350285463","0","0.00048333078350285463","0.00048333078350285463","44:0.005091965195427178;53:0.004293373509548254;55:0.004828600129939714;64:0.002513211384785885","44:128;53:148;55:228;64:208","0.016357421875","Yes"
"55","402.2942434955073","254.3516269228498","0.01904296875","0.02880859375","0.00927734375","2400","0.0003233484091876627","32","0.0003233484091876627","0","0.0003233484091876627","0.0003233484091876627","56:0.002807704335781952;45:0.0020987502926744783;65:0.002270419889680908;54:0.004828600129939714","56:168;45:128;65:148;54:228","0.01904296875","Yes"
"56","469.2069536759327","285.1384731200171","0.03125","0.03955078125","0.02294921875","2400","0.00021963647652132663","32","0.00021963647652132663","0","0.00021963647652132663","0.00021963647652132663","55:0.002807704335781952;46:0.0037509035568143723;57:0.0035958151624086443;66:0.0018531993773038824","55:168;46:188;57:128;66:128","0.03125","Yes"
"57","242.20113103915293","289.01617797994305","0.017578125","0.0244140625","0.0107421875","2400","0.0003872547645083718","32","0.0003872547645083718","0","0.0003872547645083718","0.0003872547645083718","47:0.004978815246331897;56:0.0035958151624086443;58:0.0024434337450612853;67:0.00454023527836131","47:168;56:128;58:168;67:308","0.017578125","Yes"
"58","363.7291639753029","388.08592542342404","0.023193359375","0.0380859375","0.00830078125","2400","0.0003706678315726758","32","0.0003706678315726758","0","0.0003706678315726758","0.0003706678315726758","48:0.06091468194433508;57:0.0024434337450612853;59:0.0016904663302040324;68:0.0024115869428806558","48:248;57:168;59:168;68:248","0.023193359375","Yes"
"59","286.7546015716672","274.6686161064073","0.020263671875","0.02490234375","0.015625","2400","0.00009252432982026475","32","0.00009252432982026475","0","0.00009252432982026475","0.00009252432982026475","49:0.0011728849254764306;58:0.0016904663302040324;69:0.001516015643480334","49:128;58:168;69:128","0.020263671875","Yes"
"60","211.2995345620664","231.1762995276352","0.010009765625","0.01513671875","0.0048828125","2400","0.0006064576653364601","32","0.0006064576653364601","0","0.0006064576653364601","0.0006064576653364601","61:0.008903209299478604;50:0.005280439223332739;70:0.002957721941552277","61:128;50:68;70:128","0.010009765625","Yes"
"61","208.3706218049336","150.3841137194869","0.0146484375","0.01318359375","0.01611328125","2400","0.0002147611183401943","32","0.0002147611183401943","0","0.0002147611183401943","0.0002147611183401943","51:0.0031523642269914998;60:0.008903209299478604;62:0.0022040357667285626;71:0.004170427415659289","51:128;60:128;62:288;71:188","0.0146484375","Yes"
"62","437.29920234258134","365.6751031896857","0.023193359375","0.01416015625","0.0322265625","2400","0.0001523304362236651","32","0.0001523304362236651","0","0.0001523304362236651","0.0001523304362236651","72:0.0014545885274561687;52:0.0026668472870091664;61:0.0022040357667285626;63:0.0018888264413330635","72:128;52:128;61:288;63:128","0.023193359375","Yes"
"63","397.54311429455254","254.91298402394835","0.0302734375","0.01953125","0.041015625","2400","0.0003446343173892549","32","0.0003446343173892549","0","0.0003446343173892549","0.0003446343173892549","53:0.003455322088900953;62:0.0018888264413330635;64:0.002269296867750875;73:0.0036064763398420963","53:228;62:128;64:188;73:148","0.0302734375","Yes"
"64","395.93764159655814","264.07494475498004","0.0087890625","0.00830078125","0.00927734375","2400","0.00014922919482336034","32","0.00014922919482336034","0","0.00014922919482336034","0.00014922919482336034","65:0.0020657143916611165;54:0.002513211384785885;63:0.002269296867750875;74:0.0024656365971906236","65:128;54:208;63:188;74:208","0.0087890625","Yes"
"65","480.5243938456393","253.23994367920773","0.024169921875","0.02734375","0.02099609375","2400","0.000181865758180076","32","0.000181865758180076","0","0.000181865758180076","0.000181865758180076","55:0.002270419889680908;64:0.0020657143916611165;66:0.002498071415661496;75:0.002819782427754103","55:148;64:128;66:128;75:208","0.024169921875","Yes"
"66","336.1781933124239","238.55599332114429","0.03955078125","0.0673828125","0.01171875","2400","0.0002871124465718532","32","0.0002871124465718532","0","0.0002871124465718532","0.0002871124465718532","56:0.0018531993773038824;65:0.002498071415661496;76:0.0027843650894407157","56:128;65:128;67:68;76:228","0.03955078125","Yes"
"67","332.91763287657267","258.01290254516084","0.03564453125","0.0283203125","0.04296875","2400","0.00023485896526125177","32","0.00023485896526125177","0","0.00023485896526125177","0.00023485896526125177","68:0.001387284364479574;77:0.0025916375340834796;57:0.00454023527836131","68:188;77:208;57:308;66:68","0.03564453125","Yes"
"68","333.607627150083","258.9778463573016","0.034912109375","0.01611328125","0.0537109375","2400","0.0003015946533390931","32","0.0003015946533390931","0","0.0003015946533390931","0.0003015946533390931","67:0.001387284364479574;58:0.0024115869428806558;69:0.002848922426388678","67:188;58:248;69:168;78:228","0.034912109375","Yes"
"69","195.1698767318416","117.67918673914681","0.015869140625","0.01416015625","0.017578125","2400","0.00021805048530726124","32","0.00021805048530726124","0","0.00021805048530726124","0.00021805048530726124","68:0.002848922426388678;59:0.001516015643480334;79:0.00398785642292665","68:168;59:128;79:188","0.015869140625","Yes"
"70","337.27664658645284","352.08633257971485","0.00927734375","0.01318359375","0.00537109375","2400","0.000225597064009467","32","0.000225597064009467","0","0.000225597064009467","0.000225597064009467","60:0.002957721941552277;71:0.0017665061676607474;80:0.004932437362436787","60:128;71:68;80:208","0.00927734375","Yes"
"71","115.58533215168329","127.20563094641994","0.030517578125","0.01220703125","0.048828125","2400","0.00037466889151674306","32","0.00037466889151674306","0","0.00037466889151674306","0.00037466889151674306","72:0.0020673688628062015;81:0.004061559354197719;61:0.004170427415659289;70:0.0017665061676607474","72:128;81:208;61:188;70:68","0.030517578125","Yes"
"72","324.4165367935641","257.244497940832","0.0390625","0.029296875","0.048828125","2400","0.000159671445257913","32","0.000159671445257913","0","0.000159671445257913","0.000159671445257913","73:0.0018276559662269154;62:0.0014545885274561687;82:0.0044933663583901495;71:0.0020673688628062015","73:128;62:128;82:188;71:128","0.0390625","Yes"
"73","147.969051992894","308.922407103926","0.03857421875","0.0478515625","0.029296875","2400","0.00022934444682870783","32","0.00022934444682870783","0","0.00022934444682870783","0.00022934444682870783","72:0.0018276559662269154;74:0.003105752241323506;63:0.0036064763398420963","72:128;74:288;83:168;63:148","0.03857421875","Yes"
"74","157.97406996335823","219.7930131448565","0.029541015625","0.04736328125","0.01171875","2400","0.0001253003951776526","32","0.0001253003951776526","0","0.0001253003951776526","0.0001253003951776526","73:0.003105752241323506;75:0.038382809918526495;64:0.0024656365971906236","73:288;75:128;84:168;64:208","0.029541015625","Yes"
"75","421.2050302487577","208.59629853839579","0.008056640625","0.009765625","0.00634765625","2400","0.00039329679359660305","32","0.00039329679359660305","0","0.00039329679359660305","0.00039329679359660305","74:0.038382809918526495;76:0.002909978448657452;85:0.007547781512947688;65:0.002819782427754103","74:128;76:148;85:128;65:208","0.008056640625","Yes"
"76","298.69031481271594","219.17108367829638","0.012939453125","0.0146484375","0.01123046875","2400","0.0002278270931364117","32","0.0002278270931364117","0","0.0002278270931364117","0.0002278270931364117","75:0.002909978448657452;77:0.0024310488119815288;66:0.0027843650894407157;86:0.004156563467041491","75:148;77:148;66:228;86:168","0.012939453125","Yes"
"77","414.333956408547","275.0368244472697","0.011962890625","0.01318359375","0.0107421875","2400","0.00021439361630747156","32","0.00021439361630747156","0","0.00021439361630747156","0.00021439361630747156","67:0.0025916375340834796;78:0.0021189475326170715;87:0.0017993010298821832;76:0.0024310488119815288","67:208;78:208;87:248;76:148","0.011962890625","Yes"
"78","169.38379763357926","197.0213727463341","0.009033203125","0.009765625","0.00830078125","2400","0.00044161507273674693","32","0.00044161507273674693","0","0.00044161507273674693","0.00044161507273674693","77:0.0021189475326170715;79:0.0031504427688817116;88:0.0037160112542017343","77:208;79:288;88:268;68:228","0.009033203125","Yes"
"79","341.9932950572561","382.38418961286595","0.015625","0.017578125","0.013671875","2400","0.0007194050050350343","32","0.0007194050050350343","0","0.0007194050050350343","0.0007194050050350343","78:0.0031504427688817116;89:0.004620658559807644;69:0.00398785642292665","78:288;89:68;69:188","0.015625","Yes"
"80","246.69979432885575","202.56612926660202","0.013427734375","0.02001953125","0.0068359375","2400","0.00028972125705108566","32","0.00028972125705108566","0","0.00028972125705108566","0.00028972125705108566","81:0.0022536127359124303;90:0.0018700659337676229;70:0.004932437362436787","81:128;90:88;70:208","0.013427734375","Yes"
"81","275.5345216522643","218.20158467785737","0.022705078125","0.037109375","0.00830078125","2400","0.0001339987922664862","32","0.0001339987922664862","0","0.0001339987922664862","0.0001339987922664862","80:0.0022536127359124303;82:0.0011949087900904598;71:0.004061559354197719;91:0.0013259405453452944","80:128;82:68;71:208;91:88","0.022705078125","Yes"
"82","132.77260417797686","157.07043369783","0.03173828125","0.06103515625","0.00244140625","2400","0.00026826330000744123","32","0.00026826330000744123","0","0.00026826330000744123","0.00026826330000744123","72:0.0044933663583901495;81:0.0011949087900904598;83:0.002761672411734112;92:0.004532690827826508","72:188;81:68;83:68;92:168","0.03173828125","Yes"
"83","247.72501736749683","240.48204523961743","0.06591796875","0.076171875","0.0556640625","2400","0.0002500424893667414","32","0.0002500424893667414","0","0.0002500424893667414","0.0002500424893667414","82:0.002761672411734112;84:0.002911281245338737;93:0.007429221929956237","73:168;82:68;84:168;93:128","0.06591796875","Yes"
"84","296.391079050717","231.18414112142693","0.065185546875","0.11962890625","0.0107421875","2400","0.0001871251170221087","32","0.0001871251170221087","0","0.0001871251170221087","0.0001871251170221087","83:0.002911281245338737;85:0.007627026199573617;94:0.0025744792408741446","74:168;83:168;85:148;94:208","0.065185546875","Yes"
"85","70.06748061373435","121.32742053577795","0.148681640625","0.22705078125","0.0703125","2400","0.0035117483890046417","32","0.0035117483890046417","0","0.0035117483890046417","0.0035117483890046417","86:0.007954247419688337;75:0.007547781512947688;95:0.007629348826575427;84:0.007627026199573617","86:168;75:128;95:188;84:148","0.148681640625","Yes"
"86","34.23310357486448","43.64871056684033","0.08642578125","0.05224609375","0.12060546875","2400","0.0006925952480511875","32","0.0006925952480511875","0","0.0006925952480511875","0.0006925952480511875","85:0.007954247419688337;87:0.0036693018848049097;96:0.004168581621712852;76:0.004156563467041491","85:168;87:128;96:208;76:168","0.08642578125","Yes"
"87","363.70636972717335","233.3611697576207","0.043701171875","0.02978515625","0.0576171875","2400","0.0001421840485981625","32","0.0001421840485981625","0","0.0001421840485981625","0.0001421840485981625","77:0.0017993010298821832;86:0.0036693018848049097;88:0.002012329850083039;97:0.0033344134847452522","77:248;86:128;88:148;97:328","0.043701171875","Yes"
"88","275.998603340605","294.54377841153325","0.281005859375","0.5458984375","0.01611328125","2400","0.00020264505645746289","32","0.00020264505645746289","0","0.00020264505645746289","0.00020264505645746289","78:0.0037160112542017343;87:0.002012329850083039;89:0.003001157180534647;98:0.0019750362911882535","78:268;87:148;89:108;98:248","0.281005859375","Yes"
"89","381.61414693037057","124.1768704365049","0.058837890625","0.06103515625","0.056640625","2400","0.0002169528804567214","32","0.0002169528804567214","0","0.0002169528804567214","0.0002169528804567214","79:0.004620658559807644;99:0.0018162967845870293;88:0.003001157180534647","79:68;99:68;88:108","0.058837890625","Yes"
"90","321.2602741791581","329.9743484351387","0.0146484375","0.0224609375","0.0068359375","2400","0.00009453225421200958","32","0.00009453225421200958","0","0.00009453225421200958","0.00009453225421200958","80:0.0018700659337676229;91:0.0012588139110775165;100:0.0010924395619039684","80:88;91:68;100:68","0.0146484375","Yes"
"91","474.38607679798645","379.4876979375305","0.019775390625","0.02734375","0.01220703125","2400","0.00014014905566518175","32","0.00014014905566518175","0","0.00014014905566518175","0.00014014905566518175","81:0.0013259405453452944;90:0.0012588139110775165;92:0.001879541840602822","81:88;90:68;92:208;101:168","0.019775390625","Yes"
"92","340.51311408896794","225.1464663776047","0.04638671875","0.06298828125","0.02978515625","2400","0.00016921141623457911","32","0.00016921141623457911","0","0.00016921141623457911","0.00016921141623457911","82:0.004532690827826508;91:0.001879541840602822;93:0.009755624120947964;102:0.0034112998882956103","82:168;91:208;93:188;102:268","0.04638671875","Yes"
"93","303.5356911498027","233.95738098421663","0.03955078125","0.07373046875","0.00537109375","2400","0.00028884173814309235","32","0.00028884173814309235","0","0.00028884173814309235","0.00028884173814309235","94:0.006131901903720288;83:0.007429221929956237;92:0.009755624120947964","94:168;83:128;103:448;92:188","0.03955078125","Yes"
"94","405.3526791468256","295.31614606685787","0.014404296875","0.025390625","0.00341796875","2400","0.00020654455143290993","32","0.00020654455143290993","0","0.00020654455143290993","0.00020654455143290993","93:0.006131901903720288;84:0.0025744792408741446;95:0.003353957700667154;104:0.002586039766407172","93:168;84:208;95:168;104:168","0.014404296875","Yes"
"95","274.1283798326025","207.92306068618137","0.0400390625","0.04296875","0.037109375","2400","0.00017224960820234287","32","0.00017224960820234287","0","0.00017224960820234287","0.00017224960820234287","85:0.007629348826575427;94:0.003353957700667154;96:0.0021879839706138438;105:0.0026639882677817195","85:188;94:168;96:128;105:148","0.0400390625","Yes"
"96","315.0575723918349","236.09731901732633","0.0458984375","0.05810546875","0.03369140625","2400","0.0002649687936510861","32","0.0002649687936510861","0","0.0002649687936510861","0.0002649687936510861","97:0.002864665781727893;106:0.00260871046179173;86:0.004168581621712852;95:0.0021879839706138438","97:168;106:188;86:208;95:128","0.0458984375","Yes"
"97","330.07874206002646","171.23147879401856","0.090087890625","0.0732421875","0.10693359375","2400","0.00020716031906869837","32","0.00020716031906869837","0","0.00020716031906869837","0.00020716031906869837","96:0.002864665781727893;98:0.002886982373543734;87:0.0033344134847452522;107:0.003040809850577697","96:168;98:248;87:328;107:128","0.090087890625","Yes"
"98","478.2265595043759","524.1397303086349","0.048828125","0.03466796875","0.06298828125","2400","0.00017403966057727473","32","0.00017403966057727473","0","0.00017403966057727473","0.00017403966057727473","97:0.002886982373543734;88:0.0019750362911882535;99:0.001142355031592046;108:0.0022608147382637556","97:248;88:248;99:68;108:348","0.048828125","Yes"
"99","475.103603907341","334.2229599598955","0.0322265625","0.0322265625","0.0322265625","2400","0.00023473273907124277","32","0.00023473273907124277","0","0.00023473273907124277","0.00023473273907124277","109:0.002451878123466561;89:0.0018162967845870293;98:0.001142355031592046","109:188;89:68;98:68","0.0322265625","Yes"
"100","308.10749573930093","331.92593645318897","0.012451171875","0.01513671875","0.009765625","2400","0.00009399196776095662","32","0.00009399196776095662","0","0.00009399196776095662","0.00009399196776095662","101:0.0019602474117925706;110:0.0010379404262983172;90:0.0010924395619039684","101:188;110:128;90:68","0.012451171875","Yes"
"101","175.00699874574383","172.4623370330287","0.010009765625","0.0126953125","0.00732421875","2400","0.0001275422544203093","32","0.0001275422544203093","0","0.0001275422544203093","0.0001275422544203093","100:0.0019602474117925706;102:0.0020235741213329717;111:0.0021316653320863632","100:188;91:168;102:128;111:248","0.010009765625","Yes"
"102","296.27035159273646","218.2052811489667","0.0107421875","0.0146484375","0.0068359375","2400","0.0002739865193414838","32","0.0002739865193414838","0","0.0002739865193414838","0.0002739865193414838","101:0.0020235741213329717;92:0.0034112998882956103;112:0.003216649726815235","101:128;103:368;92:268;112:168","0.0107421875","Yes"
"103","357.6678966153742","365.849374589157","0.02197265625","0.02783203125","0.01611328125","2400","0.00016984291155714822","32","0.00016984291155714822","0","0.00016984291155714822","0.00016984291155714822","104:0.0034138436476814915;113:0.002958007730859663","104:128;113:428;93:448;102:368","0.02197265625","Yes"
"104","422.4110914563415","249.01972016130418","0.0146484375","0.02001953125","0.00927734375","2400","0.00011914769478379556","32","0.00011914769478379556","0","0.00011914769478379556","0.00011914769478379556","103:0.0034138436476814915;105:0.0024943172880467213;114:0.01939994744528728;94:0.002586039766407172","103:128;105:128;114:128;94:168","0.0146484375","Yes"
"105","413.6590856157475","355.34578828792434","0.048828125","0.052734375","0.044921875","2400","0.00023526796292395528","32","0.00023526796292395528","0","0.00023526796292395528","0.00023526796292395528","104:0.0024943172880467213;106:0.003940122541782887;115:0.037283946174799354;95:0.0026639882677817195","104:128;106:148;115:148;95:148","0.048828125","Yes"
"106","122.66757765009635","164.8177156793969","0.021240234375","0.02392578125","0.0185546875","2400","0.0002765088263730208","32","0.0002765088263730208","0","0.0002765088263730208","0.0002765088263730208","96:0.00260871046179173;107:0.006715596750837022;116:0.003885458751398174;105:0.003940122541782887","96:188;107:188;116:128;105:148","0.021240234375","Yes"
"107","363.1421815756239","324.7226323342246","0.03662109375","0.03955078125","0.03369140625","2400","0.0004074417463633547","32","0.0004074417463633547","0","0.0004074417463633547","0.0004074417463633547","106:0.006715596750837022;108:0.0017910255725860913;117:0.0023108298027832985;97:0.003040809850577697","106:188;108:168;117:208;97:128","0.03662109375","Yes"
"108","293.00555393176296","251.04601758310596","0.023193359375","0.02099609375","0.025390625","2400","0.00020904969060172245","32","0.00020904969060172245","0","0.00020904969060172245","0.00020904969060172245","107:0.0017910255725860913;109:0.004154383158881475;118:0.004161314750791512;98:0.0022608147382637556","107:168;109:128;118:128;98:348","0.023193359375","Yes"
"109","439.8345700250526","345.97334841263074","0.015869140625","0.01708984375","0.0146484375","2400","0.00021286908490608121","32","0.00021286908490608121","0","0.00021286908490608121","0.00021286908490608121","99:0.002451878123466561;108:0.004154383158881475;119:0.005282892032300507","99:188;108:128;119:128","0.015869140625","Yes"
"110","459.2130047135424","518.5327354218838","0.039794921875","0.07177734375","0.0078125","2400","0.00022448041164264528","32","0.00022448041164264528","0","0.00022448041164264528","0.00022448041164264528","100:0.0010379404262983172;111:0.0020084986452418296","100:128;111:128","0.039794921875","Yes"
"111","217.1767598921806","195.3323356888134","0.051025390625","0.09619140625","0.005859375","2400","0.00022838608413978305","32","0.00022838608413978305","0","0.00022838608413978305","0.00022838608413978305","110:0.0020084986452418296;101:0.0021316653320863632","112:128;110:128;101:248","0.051025390625","Yes"
"112","356.88891087265995","365.6198211368059","0.02880859375","0.0498046875","0.0078125","2400","0.00011943221724438764","32","0.00011943221724438764","0","0.00011943221724438764","0.00011943221724438764","113:0.0021076420259285855;102:0.003216649726815235","111:128;113:168;102:168","0.02880859375","Yes"
"113","401.87672495055745","329.4931531522839","0.0302734375","0.04150390625","0.01904296875","2400","0.00014730441808809882","32","0.00014730441808809882","0","0.00014730441808809882","0.00014730441808809882","103:0.002958007730859663;112:0.0021076420259285855;114:0.016499716936100528","103:428;112:168;114:128","0.0302734375","Yes"
"114","165.12661938205093","158.32458820838772","0.030029296875","0.0537109375","0.00634765625","2400","0.0033676083909969855","32","0.0033676083909969855","0","0.0033676083909969855","0.0033676083909969855","115:0.014475311532563151;104:0.01939994744528728;113:0.016499716936100528","115:128;104:128;113:128","0.030029296875","Yes"
"115","272.36688125052444","295.86152016306306","0.01025390625","0.013671875","0.0068359375","2400","0.00019355962589372137","32","0.00019355962589372137","0","0.00019355962589372137","0.00019355962589372137","114:0.014475311532563151;105:0.037283946174799354;116:0.004037154426744627","114:128;105:148;116:128","0.01025390625","Yes"
"116","164.73347609060502","187.95301593452643","0.06640625","0.11181640625","0.02099609375","2400","0.0003538244683269853","32","0.0003538244683269853","0","0.0003538244683269853","0.0003538244683269853","106:0.003885458751398174;115:0.004037154426744627;117:0.0030847813806782476","106:128;115:128;117:128","0.06640625","Yes"
"117","429.7741559847233","434.66287248688394","0.01416015625","0.017578125","0.0107421875","2400","0.0005453051085683469","32","0.0005453051085683469","0","0.0005453051085683469","0.0005453051085683469","107:0.0023108298027832985;116:0.0030847813806782476;118:0.006364236331189377","107:208;116:128;118:128","0.01416015625","Yes"
"118","68.63640695604853","77.63415281705902","0.025634765625","0.025390625","0.02587890625","2400","0.00033359167026929265","32","0.00033359167026929265","0","0.00033359167026929265","0.00033359167026929265","119:0.0038519997532837913;108:0.004161314750791512;117:0.006364236331189377","119:128;108:128;117:128","0.025634765625","Yes"
"119","433.5974808737079","401.1147527393061","0.0224609375","0.02392578125","0.02099609375","2400","0.00017553412340199934","32","0.00017553412340199934","0","0.00017553412340199934","0.00017553412340199934","118:0.0038519997532837913;109:0.005282892032300507","118:128;109:128","0.0224609375","Yes"